code	age	gender	transmission route	infection	Fiebig at diagnosis	HLA-A	HLA-A-2	HLA-B	HLA-B-2	HLA-C	HLA-C-2	HLA-DRB1	HLA-DRB1-2	HLA-DQB1	HLA-DQB1-2	HLA-A not excluded	HLA-A-2 not excluded	HLA-B not excluded	HLA-B-2 not excluded	HLA-C not excluded	HLA-C-2 not excluded	HLA-DRB1 not excluded	HLA-DRB1-2 not excluded	HLA-DQB1 not excluded	HLA-DQB1-2 not excluded	Subtype
p1	37	F	HS		IV	*02:01:01	*02:01:01	*08:01:01	*15:01:01	*06:02:01	*03:04:01	*03:01	*04:01	*02:01	*03:02			B*08:04/12/21/23/35/37/50/56/71/89/110	B*15:07/30/50/56/63/70/78/142/236/251/324	C*06:11/14/30/70/82/83/96/106/107/122/124/138/143	C*03:07/09/10/17/32/35/38/40/64/92/130/140	DRB1*03:50/03:68N/03:83/03:100/03:104/03:112	DRB1*04:171/175	DQB1*02:07/02:13/02:14/02:15/02:16/02:17/02:18N/02:20N/02:21/02:22/02:23/02:24/02:25/02:26/02:27/02:28/02:29/02:30/02:31/02:32/02:33/02:34/02:35/02:36/02:37/02:38/02:39/02:40/02:41	DQB1*03:62/03:63/03:64/03:66N/03:68/03:81/03:85/03:90N/03:106/03:110/03:141/03:146	AE
p2	32	M	MSM		V	*01:01:01	*24:02:01	*08:01:01	*39:01:01	*07:01:01	*12:03:01	*11:04	*13:02	*03:01	*06:04	A*01:14/21/25/26/30/69/89/95/98/100/126	A*24:04/17/46/59/87/120/136/160/229/243/260	B*08:12/65/69/71	B*39:01L/39:03/39:58/39:68/39:70	C*07:06/16/18/22/27/92/343	C*12:20/28/81/143/147	DRB1*11:128		DQB1*03:27/03:28/03:29/03:35/03:42/03:44/03:47/03:49/03:50/03:51/03:73/03:83/03:84N/03:92/03:93/03:94/03:114/03:115/03:116	DQB1*06:34/36/39/52/86	B
p3	52	M	MSM		VI	*02:01:01	*11:01:01	*15:01:01	*44:03:01	*03:04:01	*16:01:01	*04:01	*07:01	*03:02	*02:02	A*02:01L/02:06/02:12/02:24/02:27/02:34/02:45/02:56/02:86/02:90/02:92/02:101/02:226N/02:346	A*11:04/06/12/19/24/31/70/73/103/119/121/199	B*15:05/14/46/128/135/154/233/256	B*44:37/43/45/46/57/65/109/146	C*03:09	C*16:49	DRB1*04:151/171/175	DRB1*07:31/33/34	DQB1*03:85/90N	DQB1*02:12	B
p5	38	M	MSM		VI	*03:01:01	*33:03:01	*14:02:01	*58:01:01	*08:02:01	*03:02:01	*07:01	*11:01	*02:02	*03:01	A*03:103/133	A*33:18/28	B*14:22/27	B*58:35/59			DRB1*07:31/33/34	DRB1*11:97/100/117/155/157/158	DQB1*02:12	DQB1*03:27/03:28/03:29/03:35/03:42/03:44/03:47/03:49/03:50/03:51/03:73/03:83/03:84N/03:92/03:93/03:94/03:114/03:115/03:116	B
p6	31	M	HS	PHI	IV	*02:01:01	*02:01:01	*44:02:01	*51:01:01	*05:01:01	*16:01:01	*04:01	*07:01	*03:01	*02:02			B*44:02S/44:12/44:19N/44:34/44:79/44:95/44:100	B*51:08/46/78/119, B*52:06	C*05:04/16/18/20/112, C*08:02	C*16:02/07/27/37/45/63/68	DRB1*04:151/171/175	DRB1*07:31/33/34	DQB1*03:27/03:28/03:29/03:35/03:42/03:44/03:47/03:49/03:50/03:51/03:73/03:83/03:84N/03:92/03:93/03:94/03:114/03:115/03:116	DQB1*02:12	C
p8	35	M	MSM		V	*03:01:01	*32:01:01	*07:02:01	*40:02:01	*07:02:01	*02:02:02	*11:01	*15:01	*03:01	*06:02	A*03:05/08/22/103/133, A*32:04	A*32:17/30/33/52/63, A*74:13	B*07:05/07:06/07:61/07:91/07:143/07:161N	B*40:18/40/50/229	C*07:15/27/39/50/51/76/138/241/349	C*02:13/16/27/43/55/75/77	DRB1*11:97/100/117/154/155/157/158/166	DRB1*15:74/85/86/106/107/108/110/111/112	DQB1*03:27/03:28/03:29/03:35/03:42/03:44/03:47/03:49/03:50/03:51/03:73/03:83/03:84N/03:92/03:93/03:94/03:114/03:115/03:116	DQB1*06:84/107/109/111/113/114/115/116/117/127	B
p9	32	M	MSM		VI	*25:01:01	*32:01:01	*07:02:01	*44:03:01	*07:02:01	*04:01:01	*14:01	*15:01	*05:03	*06:02	A*25:03/13	A*32:62/64	B*07:07/07:14/07:18/07:20/07:26/07:28/07:48/07:57/07:61/07:68/07:73/07:96/07:114/07:149/07:153/07:161N	B*44:28/37/45/46/54/64/76/105/107/109/110/135/192/205	C*07:37/50/76/125/172/241/307/349/402	C*04:04/07/09N/29/30/42/58/61/82/166	DRB1*14:54/113/114/125/142/151/157	DRB1*15:74/85/86/106/107/108/110/111/112	DQB1*05:06/05:08/05:10/05:13/05:15/05:16/05:23/05:24/05:39/05:40/05:41N/05:42/05:43/05:50/05:56/05:67/05:78	DQB1*06:72/73/74/79/80/84/95/97/109/111/113/114/115/116/117/124/126/127/137/138/146/150/152/159	B
p10	34	M	MSM	PHI	II	*32:01:01	*32:01:01	*44:02:01	*50:01:01	*16:01:01	*06:02:01	*03:01	*13:01	*02:01	*06:03			B*44:02S/44:09/44:19N/44:48/44:55/44:79/44:91/44:100	B*45:04,B*49:02, B*50:02/04/13/17	C*16:02/15/21/26/37/57/63	C*06:03/11/30/82/83/122/138	DRB1*03:50/03:68N/03:83/03:100/03:104/03:107/03:108/03:112	DRB1*13:105/13:109/13:112/13:117/13:121/13:166/13:173/13:183/13:185N/13:186	DQB1*02:07/27	DQB1*06:41/110/148	B
p11	53	M	MSM		VI	*02:01:01	*32:01:01	*39:01:01	*44:02:01	*12:03:01	*05:01:01	*11:01	*16:01	*03:01	*05:02	A*02:01L/02:20/02:24/02:40/02:81/02:90/02:92	A*32:06/08/28/31/39, A*74:06	B*39:01L/05/22/30/42	B*44:02S/12/19N/41/89/209	C*12:03/04/05/24/98/143	C*05:08/16/46, C*08:02/05	DRB1*11:97/100/117/154/155/157/158/166		DQB1*03:27/03:28/03:29/03:35/03:42/03:44/03:47/03:49/03:50/03:51/03:73/03:83/03:84N/03:92/03:93/03:94/03:114/03:115/03:116	DQB1*05:17/19/34/36/37/46/47/57	B
